{"350.8853596705749": [650.2099660878785], "188.9907038439899": [659.0978683018175], "341.3494518954772": [672.3049903131763], "179.10482628978895": [640.0781202322104], "331.95667616623314": [693.4118545280287], "168.99898563998153": [618.3631619040707], "322.80640082923577": [708.0112993448621], "158.47988081956385": [605.1884004175889], "147.5876933816488": [597.0058626177803], "313.77162376511944": [725.658321801659], "136.4723947289033": [577.8970496550402], "304.8965697434687": [737.6374448196078], "125.12497608350921": [564.8619300324638], "296.1179743363389": [745.0805325600717], "113.59372755615568": [552.1566806622917], "287.31736120852634": [745.8069455294715], "101.76399614866814": [544.4354874546663], "278.70532006411736": [746.600964371196], "90.31480880738911": [546.0082416960389], "270.30721303180877": [746.0107237835124], "78.05777950097006": [550.9237696814324], "261.47686873770994": [742.196739416174], "66.42867268465027": [565.1548460377917], "252.74320447200628": [738.231670954315], "54.82063288186955": [576.2508134484498], "244.03102783796697": [730.786562547506], "43.47800646233153": [585.6910448350734], "235.27985921369375": [725.1103364316358], "32.352873864273946": [594.245740413846], "226.3032400156823": [715.069926650534], "21.520119180436154": [605.1884004175889], "217.19132922189206": [713.0112201080709], "10.810756318470178": [607.7869692581439], "207.96133635592136": [697.4130770210722], "0.7275263513507162": [630.0507916033437], "198.6767017321901": [674.5198292118624]}