{"189.11464032942507": [650.2099660878785], "351.00929615601007": [659.0978683018175], "198.65054810452276": [672.3049903131763], "0.8951737102110744": [640.0781202322104], "208.04332383376686": [693.4118545280287], "11.00101436001849": [618.3631619040707], "217.19359917076426": [708.0112993448621], "21.520119180436154": [605.1884004175889], "32.41230661835121": [597.0058626177803], "226.22837623488056": [725.658321801659], "43.52760527109668": [577.8970496550402], "235.10343025653125": [737.6374448196078], "54.8750239164908": [564.8619300324638], "243.88202566366112": [745.0805325600717], "66.40627244384433": [552.1566806622917], "252.68263879147364": [745.8069455294715], "78.23600385133186": [544.4354874546663], "261.29467993588264": [746.600964371196], "89.6851911926109": [546.0082416960389], "269.69278696819123": [746.0107237835124], "101.94222049902994": [550.9237696814324], "278.52313126229": [742.196739416174], "113.57132731534975": [565.1548460377917], "287.25679552799375": [738.231670954315], "125.17936711813044": [576.2508134484498], "295.968972162033": [730.786562547506], "136.5219935376685": [585.6910448350734], "304.7201407863062": [725.1103364316358], "147.64712613572607": [594.245740413846], "313.69675998431774": [715.069926650534], "158.47988081956385": [605.1884004175889], "322.80867077810797": [713.0112201080709], "169.18924368152983": [607.7869692581439], "332.0386636440786": [697.4130770210722], "179.27247364864928": [630.0507916033437], "341.3232982678099": [674.5198292118624]}