{"189.0414641222392": [649.0647117198715], "351.1086183307478": [659.9302993498632], "179.09919719126472": [636.0786114938938], "341.4578562048375": [676.0961470086928], "168.7983087942754": [622.8659566873116], "332.0205256115199": [688.4714954157507], "158.39185981270379": [605.5559429152686], "322.87092049969": [707.4072377350969], "313.8876003837022": [728.4572739701348], "147.5140102457633": [593.9377071713834], "304.85788316717117": [734.8530465337951], "136.46522419881538": [580.7245474405228], "296.0473323202748": [742.4048760615733], "125.17393720152926": [567.6486589431883], "287.34025823106896": [744.8523343589654], "113.55226367289465": [553.0732320407488], "278.62944663766143": [746.4502662602513], "101.86698587819798": [544.6402482373112], "270.3051677108879": [751.0106523878339], "90.31771825640469": [541.0083178658161], "261.3638214183542": [752.5323913294365], "78.14955733884912": [540.5201198845423], "252.7136848329435": [757.2014263061052], "66.25050550713324": [546.2600113499066], "243.91155156327375": [752.6865217339819], "54.618506583945404": [554.3870489107768], "235.10929849249516": [741.2422006335041], "43.36342295838329": [569.4532465444375], "226.23077466995775": [724.2444338757462], "32.223355230747885": [585.1230639788522], "217.22707838271668": [705.8137148001589], "21.662384513181966": [612.2393322876276], "208.15724394431405": [676.0007396445658], "11.184871725764904": [628.9459436231384], "198.70778380599012": [664.0858378252017], "0.9846742570927376": [640.0945242696581]}