{"350.95853587776077": [649.0647117198715], "188.89138166925218": [659.9302993498632], "0.9008028087352907": [636.0786114938938], "198.54214379516245": [676.0961470086928], "11.20169120572461": [622.8659566873116], "207.97947438848016": [688.4714954157507], "21.608140187296218": [605.5559429152686], "217.12907950030998": [707.4072377350969], "226.11239961629778": [728.4572739701348], "32.48598975423671": [593.9377071713834], "235.1421168328288": [734.8530465337951], "43.53477580118463": [580.7245474405228], "243.9526676797252": [742.4048760615733], "54.82606279847076": [567.6486589431883], "252.659741768931": [744.8523343589654], "66.44773632710535": [553.0732320407488], "261.37055336233857": [746.4502662602513], "78.13301412180203": [544.6402482373112], "269.6948322891121": [751.0106523878339], "89.68228174359533": [541.0083178658161], "278.6361785816458": [752.5323913294365], "101.8504426611509": [540.5201198845423], "287.2863151670565": [757.2014263061052], "113.74949449286676": [546.2600113499066], "296.08844843672625": [752.6865217339819], "125.38149341605461": [554.3870489107768], "304.89070150750484": [741.2422006335041], "136.63657704161673": [569.4532465444375], "313.7692253300423": [724.2444338757462], "147.77664476925213": [585.1230639788522], "322.7729216172833": [705.8137148001589], "158.33761548681804": [612.2393322876276], "331.8427560556859": [676.0007396445658], "168.81512827423512": [628.9459436231384], "341.2922161940099": [664.0858378252017], "179.01532574290727": [640.0945242696581]}